model,tag,variant_name,source_pair_id,variant_pair_id,lang_b,problem_id,transformation_type,validation_status,original_prediction_text,original_prediction_is_clone,original_prob_yes,variant_prediction_text,variant_prediction_is_clone,variant_prob_yes,decision_consistent,decision_changed,clone_preserved,clone_rejected,prob_yes_drop,rename_map,semantic_variant_kind
unixcoder,breaking_v1,breaking,c689157cf42dc511,c689157cf42dc511__break_boolean_literal_flip,Python,p02696,boolean_literal_flip,auto_pass,no,False,0.2918,no,False,0.2918,True,False,False,False,0.0,"{""inf"": ""renamed_var_1"", ""eps"": ""renamed_var_2"", ""mod"": ""renamed_var_3""}",semantic_breaking
unixcoder,breaking_v1,breaking,7b2f471300b303aa,7b2f471300b303aa__break_comparator_flip,Go,p02612,comparator_flip,manual_required,yes,True,0.9874,yes,True,0.9874,True,False,True,False,0.0,"{""post"": ""renamedVar1"", ""pre"": ""renamedVar2"", ""div"": ""renamedVar3""}",semantic_breaking
unixcoder,breaking_v1,breaking,da25ea3ba4cffb11,da25ea3ba4cffb11__break_comparator_flip,JavaScript,p02852,comparator_flip,auto_pass,no,False,0.2159,no,False,0.2123,True,False,False,False,0.00360000000000002,"{""ansArray"": ""renamedVar1"", ""presentIdx"": ""renamedVar2""}",semantic_breaking
unixcoder,breaking_v1,breaking,bd4648d43dca43e0,bd4648d43dca43e0__break_comparator_flip,C++,p03000,comparator_flip,auto_pass,yes,True,0.9813,yes,True,0.9813,True,False,True,False,0.0,"{""N"": ""renamedVar1"", ""i"": ""renamedVar2"", ""result"": ""renamedVar3""}",semantic_breaking
unixcoder,breaking_v1,breaking,e81e53daaa872734,e81e53daaa872734__break_comparator_flip,C++,p02823,comparator_flip,manual_required,yes,True,0.9396,yes,True,0.9396,True,False,True,False,0.0,"{""i"": ""renamedVar1"", ""n"": ""renamedVar2""}",semantic_breaking
unixcoder,breaking_v1,breaking,1dd23961cc5137a8,1dd23961cc5137a8__break_comparator_flip,Go,p02823,comparator_flip,manual_required,no,False,0.3027,no,False,0.3027,True,False,False,False,0.0,"{""in"": ""renamedVar1"", ""err"": ""renamedVar2""}",semantic_breaking
unixcoder,breaking_v1,breaking,089151f5e7341729,089151f5e7341729__break_comparator_flip,JavaScript,p02898,comparator_flip,auto_pass,yes,True,0.9669,yes,True,0.9656,True,False,True,False,0.0012999999999999678,"{""IN"": ""renamedVar1"", ""list"": ""renamedVar2""}",semantic_breaking
unixcoder,breaking_v1,breaking,5a0835cb444f08ae,5a0835cb444f08ae__break_comparator_flip,JavaScript,p03162,comparator_flip,auto_pass,yes,True,0.9857,yes,True,0.9857,True,False,True,False,0.0,"{""maxs"": ""renamedVar1"", ""maxsub"": ""renamedVar2"", ""tmp"": ""renamedVar3""}",semantic_breaking
unixcoder,breaking_v1,breaking,9651bda37cc192f8,9651bda37cc192f8__break_comparator_flip,JavaScript,p02927,comparator_flip,auto_pass,yes,True,0.8234,yes,True,0.8234,True,False,True,False,0.0,"{""answer"": ""renamedVar1"", ""count"": ""renamedVar2"", ""number"": ""renamedVar3""}",semantic_breaking
unixcoder,breaking_v1,breaking,d0c0c43b532e1531,d0c0c43b532e1531__break_comparator_flip,C++,p03293,comparator_flip,auto_pass,no,False,0.3773,no,False,0.3773,True,False,False,False,0.0,"{""Maxn"": ""renamedVar1"", ""Inf"": ""renamedVar2"", ""a"": ""renamedVar3""}",semantic_breaking
unixcoder,breaking_v1,breaking,5b9ffe45cac5dcef,5b9ffe45cac5dcef__break_boolean_literal_flip,JavaScript,p03267,boolean_literal_flip,auto_pass,yes,True,0.974,yes,True,0.9742,True,False,True,False,-0.00019999999999997797,"{""cin"": ""renamedVar1"", ""ce"": ""renamedVar2"", ""te"": ""renamedVar3""}",semantic_breaking
unixcoder,breaking_v1,breaking,7ef113cd6b0395bf,7ef113cd6b0395bf__break_comparator_flip,Go,p02852,comparator_flip,manual_required,yes,True,0.7247,yes,True,0.7247,True,False,True,False,0.0,"{""dp"": ""renamedVar1"", ""blockSize"": ""renamedVar2"", ""blockNum"": ""renamedVar3""}",semantic_breaking
unixcoder,breaking_v1,breaking,9debef7aaa13c827,9debef7aaa13c827__break_comparator_flip,Go,p03262,comparator_flip,manual_required,yes,True,0.5373,yes,True,0.5396,True,False,True,False,-0.0022999999999999687,"{""cities"": ""renamedVar1"", ""dis"": ""renamedVar2""}",semantic_breaking
unixcoder,breaking_v1,breaking,f30ea2ae90715f6d,f30ea2ae90715f6d__break_comparator_flip,Go,p02797,comparator_flip,manual_required,yes,True,0.99,yes,True,0.9907,True,False,True,False,-0.0007000000000000339,"{""strs"": ""renamedVar1""}",semantic_breaking
unixcoder,breaking_v1,breaking,5fb03a234a88bb66,5fb03a234a88bb66__break_comparator_flip,C++,p02957,comparator_flip,auto_pass,yes,True,0.9807,yes,True,0.9807,True,False,True,False,0.0,"{""a"": ""renamedVar1"", ""p"": ""renamedVar2"", ""q"": ""renamedVar3""}",semantic_breaking
unixcoder,breaking_v1,breaking,65026679daddd9c4,65026679daddd9c4__break_comparator_flip,C++,p02696,comparator_flip,auto_pass,yes,True,0.9503,yes,True,0.9503,True,False,True,False,0.0,"{""aa"": ""renamedVar1"", ""i"": ""renamedVar2""}",semantic_breaking
unixcoder,breaking_v1,breaking,117ad1a0bf77f7b1,117ad1a0bf77f7b1__break_integer_literal_perturb,Python,p02399,integer_literal_perturb,auto_pass,yes,True,0.8529,yes,True,0.9002,True,False,True,False,-0.04730000000000001,"{""line"": ""renamed_var_1"", ""numbers"": ""renamed_var_2"", ""item"": ""renamed_var_3""}",semantic_breaking
unixcoder,breaking_v1,breaking,ecefc144f1ba506e,ecefc144f1ba506e__break_comparator_flip,JavaScript,p02985,comparator_flip,auto_pass,yes,True,0.9771,yes,True,0.9771,True,False,True,False,0.0,"{""nodes"": ""renamedVar1"", ""stack"": ""renamedVar2"", ""cc"": ""renamedVar3""}",semantic_breaking
unixcoder,breaking_v1,breaking,688026d3d0aa82b9,688026d3d0aa82b9__break_comparator_flip,JavaScript,p02741,comparator_flip,auto_pass,yes,True,0.9851,yes,True,0.9849,True,False,True,False,0.00019999999999997797,"{""list"": ""renamedVar1""}",semantic_breaking
unixcoder,breaking_v1,breaking,5c8c08fabb74b213,5c8c08fabb74b213__break_comparator_flip,Python,p02898,comparator_flip,auto_pass,yes,True,0.9883,yes,True,0.9882,True,False,True,False,9.999999999998899e-05,"{""arr"": ""renamed_var_1"", ""start"": ""renamed_var_2"", ""end"": ""renamed_var_3""}",semantic_breaking
unixcoder,breaking_v1,breaking,e41cc8a5db397f54,e41cc8a5db397f54__break_comparator_flip,Go,p02699,comparator_flip,manual_required,yes,True,0.9895,yes,True,0.988,True,False,True,False,0.0015000000000000568,"{""answer"": ""renamedVar1""}",semantic_breaking
unixcoder,breaking_v1,breaking,16c5331c15663611,16c5331c15663611__break_boolean_literal_flip,C++,p02694,boolean_literal_flip,auto_pass,yes,True,0.9642,yes,True,0.9642,True,False,True,False,0.0,"{""a"": ""renamedVar1"", ""s"": ""renamedVar2"", ""k"": ""renamedVar3""}",semantic_breaking
unixcoder,breaking_v1,breaking,a5880457ed30afb8,a5880457ed30afb8__break_comparator_flip,C++,p03162,comparator_flip,manual_required,no,False,0.2219,no,False,0.2219,True,False,False,False,0.0,"{""N"": ""renamedVar1"", ""M"": ""renamedVar2"", ""MOD"": ""renamedVar3""}",semantic_breaking
unixcoder,breaking_v1,breaking,683c944b4865cb6c,683c944b4865cb6c__break_comparator_flip,Python,p02927,comparator_flip,auto_pass,yes,True,0.9696,yes,True,0.9696,True,False,True,False,0.0,"{""d_1"": ""renamed_var_1"", ""d_2"": ""renamed_var_2""}",semantic_breaking
unixcoder,breaking_v1,breaking,35f2af3c7a290c8a,35f2af3c7a290c8a__break_comparator_flip,JavaScript,p03206,comparator_flip,auto_pass,yes,True,0.9932,yes,True,0.9932,True,False,True,False,0.0,"{""day"": ""renamedVar1""}",semantic_breaking
unixcoder,breaking_v1,breaking,e2e3ebdd8e3fcd12,e2e3ebdd8e3fcd12__break_comparator_flip,Go,p02775,comparator_flip,manual_required,yes,True,0.5308,yes,True,0.5308,True,False,True,False,0.0,"{""res"": ""renamedVar1"", ""dp"": ""renamedVar2"", ""num"": ""renamedVar3""}",semantic_breaking
unixcoder,breaking_v1,breaking,11f877dbc473818c,11f877dbc473818c__break_answer_string_flip,JavaScript,p02700,answer_string_flip,auto_pass,no,False,0.0734,no,False,0.0702,True,False,False,False,0.0032000000000000084,"{""h1"": ""renamedVar1"", ""s1"": ""renamedVar2"", ""h2"": ""renamedVar3""}",semantic_breaking
unixcoder,breaking_v1,breaking,45bfd695fa7f23ee,45bfd695fa7f23ee__break_comparator_flip,Python,p02823,comparator_flip,auto_pass,yes,True,0.9818,yes,True,0.9813,True,False,True,False,0.000500000000000056,"{""temp"": ""renamed_var_1"", ""cnt1"": ""renamed_var_2"", ""cnt2"": ""renamed_var_3""}",semantic_breaking
unixcoder,breaking_v1,breaking,252a2a6a872d7c16,252a2a6a872d7c16__break_boolean_literal_flip,C++,p02775,boolean_literal_flip,auto_pass,yes,True,0.6253,yes,True,0.6323,True,False,True,False,-0.007000000000000006,"{""n"": ""renamedVar1"", ""flag"": ""renamedVar2"", ""i"": ""renamedVar3""}",semantic_breaking
unixcoder,breaking_v1,breaking,59256ecdbda35f77,59256ecdbda35f77__break_boolean_literal_flip,JavaScript,p02912,boolean_literal_flip,auto_pass,no,False,0.0259,no,False,0.0259,True,False,False,False,0.0,"{""idx"": ""renamedVar1"", ""parent"": ""renamedVar2"", ""val"": ""renamedVar3""}",semantic_breaking
unixcoder,breaking_v1,breaking,95e313b105763103,95e313b105763103__break_comparator_flip,Python,p03267,comparator_flip,auto_pass,yes,True,0.9283,yes,True,0.9246,True,False,True,False,0.0037000000000000366,"{""do"": ""renamed_var_1"", ""vertex"": ""renamed_var_2"", ""edge"": ""renamed_var_3""}",semantic_breaking
unixcoder,breaking_v1,breaking,028535e0d1809887,028535e0d1809887__break_comparator_flip,Python,p02881,comparator_flip,auto_pass,no,False,0.2097,no,False,0.2086,True,False,False,False,0.0010999999999999899,"{""nn"": ""renamed_var_1"", ""factors"": ""renamed_var_2"", ""best"": ""renamed_var_3""}",semantic_breaking
unixcoder,breaking_v1,breaking,b1c2e481bebb96d8,b1c2e481bebb96d8__break_boolean_literal_flip,JavaScript,p02881,boolean_literal_flip,auto_pass,yes,True,0.8167,yes,True,0.809,True,False,True,False,0.007699999999999929,"{""prime"": ""renamedVar1"", ""step"": ""renamedVar2"", ""limit"": ""renamedVar3""}",semantic_breaking
unixcoder,breaking_v1,breaking,985a9c941871beb0,985a9c941871beb0__break_boolean_literal_flip,C++,p02797,boolean_literal_flip,manual_required,no,False,0.0414,no,False,0.0414,True,False,False,False,0.0,"{""k"": ""renamedVar1"", ""mx"": ""renamedVar2"", ""i"": ""renamedVar3""}",semantic_breaking
unixcoder,breaking_v1,breaking,ffc2d2d81dddb23d,ffc2d2d81dddb23d__break_comparator_flip,JavaScript,p02612,comparator_flip,auto_pass,yes,True,0.9886,yes,True,0.9895,True,False,True,False,-0.0009000000000000119,"{""result"": ""renamedVar1""}",semantic_breaking
unixcoder,breaking_v1,breaking,842a4c0c5615af41,842a4c0c5615af41__break_boolean_literal_flip,C++,p02852,boolean_literal_flip,manual_required,yes,True,0.9676,yes,True,0.9676,True,False,True,False,0.0,"{""N"": ""renamedVar1"", ""S"": ""renamedVar2"", ""flag"": ""renamedVar3""}",semantic_breaking
unixcoder,breaking_v1,breaking,89de705cba0b2fd3,89de705cba0b2fd3__break_comparator_flip,C++,p02912,comparator_flip,manual_required,no,False,0.0329,no,False,0.0329,True,False,False,False,0.0,"{""i"": ""renamedVar1"", ""i2"": ""renamedVar2"", ""i3"": ""renamedVar3""}",semantic_breaking
unixcoder,breaking_v1,breaking,1ce46fd19d65fc1f,1ce46fd19d65fc1f__break_comparator_flip,Python,p02685,comparator_flip,auto_pass,yes,True,0.9883,yes,True,0.9884,True,False,True,False,-9.999999999998899e-05,"{""mod"": ""renamed_var_1"", ""fact"": ""renamed_var_2"", ""fact_inv"": ""renamed_var_3""}",semantic_breaking
unixcoder,breaking_v1,breaking,ce0ab7822f2dbdd2,ce0ab7822f2dbdd2__break_comparator_flip,C++,p02419,comparator_flip,auto_pass,yes,True,0.9319,yes,True,0.9322,True,False,True,False,-0.000300000000000078,"{""ch"": ""renamedVar1"", ""W"": ""renamedVar2"", ""i"": ""renamedVar3""}",semantic_breaking
unixcoder,breaking_v1,breaking,2fd8bed5f5e180de,2fd8bed5f5e180de__break_comparator_flip,Go,p02957,comparator_flip,manual_required,yes,True,0.9636,yes,True,0.9647,True,False,True,False,-0.0010999999999999899,"{""sc"": ""renamedVar1"", ""sum"": ""renamedVar2""}",semantic_breaking
unixcoder,breaking_v1,breaking,a21cd3722e0ba534,a21cd3722e0ba534__break_comparator_flip,Go,p02985,comparator_flip,manual_required,yes,True,0.9584,yes,True,0.9584,True,False,True,False,0.0,"{""scanner"": ""renamedVar1"", ""nodes"": ""renamedVar2"", ""mod"": ""renamedVar3""}",semantic_breaking
unixcoder,breaking_v1,breaking,1a19456dc6fcf835,1a19456dc6fcf835__break_answer_string_flip,C++,p02640,answer_string_flip,auto_pass,no,False,0.1835,no,False,0.1814,True,False,False,False,0.0020999999999999908,"{""x"": ""renamedVar1"", ""s"": ""renamedVar2"", ""u"": ""renamedVar3""}",semantic_breaking
unixcoder,breaking_v1,breaking,91e6856c58727da2,91e6856c58727da2__break_comparator_flip,Python,p03315,comparator_flip,auto_pass,yes,True,0.9535,yes,True,0.9492,True,False,True,False,0.0042999999999999705,"{""result"": ""renamed_var_1""}",semantic_breaking
unixcoder,breaking_v1,breaking,667c4b2bf9af3b9e,667c4b2bf9af3b9e__break_comparator_flip,C++,p03315,comparator_flip,auto_pass,yes,True,0.9903,yes,True,0.9901,True,False,True,False,0.00019999999999997797,"{""s"": ""renamedVar1""}",semantic_breaking
unixcoder,breaking_v1,breaking,916017934a2a7d8b,916017934a2a7d8b__break_comparator_flip,Python,p02701,comparator_flip,auto_pass,no,False,0.2623,no,False,0.2684,True,False,False,False,-0.00610000000000005,"{""sortS"": ""renamed_var_1"", ""count"": ""renamed_var_2""}",semantic_breaking
unixcoder,breaking_v1,breaking,46f9156e2a6bebb6,46f9156e2a6bebb6__break_comparator_flip,Go,p02912,comparator_flip,manual_required,no,False,0.4229,no,False,0.4229,True,False,False,False,0.0,"{""item"": ""renamedVar1"", ""buf"": ""renamedVar2"", ""slice"": ""renamedVar3""}",semantic_breaking
unixcoder,breaking_v1,breaking,c3fb32bd7916b2ef,c3fb32bd7916b2ef__break_comparator_flip,Python,p03162,comparator_flip,auto_pass,yes,True,0.9241,yes,True,0.9321,True,False,True,False,-0.008000000000000007,"{""data"": ""renamed_var_1"", ""dp"": ""renamed_var_2"", ""string"": ""renamed_var_3""}",semantic_breaking
unixcoder,breaking_v1,breaking,f3687bf8c6190962,f3687bf8c6190962__break_comparator_flip,Python,p03131,comparator_flip,auto_pass,yes,True,0.9902,yes,True,0.9895,True,False,True,False,0.0006999999999999229,"{""cur"": ""renamed_var_1""}",semantic_breaking
unixcoder,breaking_v1,breaking,a8332c76f4a7ceed,a8332c76f4a7ceed__break_boolean_literal_flip,Python,p02419,boolean_literal_flip,auto_pass,yes,True,0.5015,no,False,0.4985,False,True,False,True,0.002999999999999947,"{""Counter"": ""renamed_var_1"", ""Text_W"": ""renamed_var_2"", ""Text_T"": ""renamed_var_3""}",semantic_breaking
unixcoder,breaking_v1,breaking,abcc347bada723a0,abcc347bada723a0__break_boolean_literal_flip,C++,p02701,boolean_literal_flip,manual_required,no,False,0.3967,no,False,0.3986,True,False,False,False,-0.0019000000000000128,"{""n"": ""renamedVar1"", ""s"": ""renamedVar2"", ""zz"": ""renamedVar3""}",semantic_breaking
unixcoder,breaking_v1,breaking,4a338c0ee00e93ff,4a338c0ee00e93ff__break_boolean_literal_flip,Python,p02852,boolean_literal_flip,auto_pass,yes,True,0.8532,yes,True,0.8434,True,False,True,False,0.00979999999999992,"{""sap"": ""renamed_var_1"", ""sl"": ""renamed_var_2"", ""xap"": ""renamed_var_3""}",semantic_breaking
unixcoder,breaking_v1,breaking,cca4ff22383c99c0,cca4ff22383c99c0__break_comparator_flip,Python,p03254,comparator_flip,auto_pass,yes,True,0.959,yes,True,0.9557,True,False,True,False,0.0032999999999999696,"{""arr"": ""renamed_var_1"", ""best"": ""renamed_var_2"", ""temp"": ""renamed_var_3""}",semantic_breaking
unixcoder,breaking_v1,breaking,6f15a2a012df4794,6f15a2a012df4794__break_comparator_flip,Python,p03262,comparator_flip,auto_pass,no,False,0.3223,no,False,0.3231,True,False,False,False,-0.0008000000000000229,"{""x_lst"": ""renamed_var_1"", ""minimum"": ""renamed_var_2"", ""lst"": ""renamed_var_3""}",semantic_breaking
unixcoder,breaking_v1,breaking,e6c5532af07da126,e6c5532af07da126__break_boolean_literal_flip,JavaScript,p02694,boolean_literal_flip,auto_pass,yes,True,0.9518,yes,True,0.9506,True,False,True,False,0.0011999999999999789,"{""inputList"": ""renamedVar1"", ""target"": ""renamedVar2"", ""INTEREST"": ""renamedVar3""}",semantic_breaking
unixcoder,breaking_v1,breaking,0369d33b9d056712,0369d33b9d056712__break_comparator_flip,Go,p02701,comparator_flip,manual_required,yes,True,0.6041,yes,True,0.6041,True,False,True,False,0.0,"{""slice"": ""renamedVar1"", ""mp"": ""renamedVar2""}",semantic_breaking
unixcoder,breaking_v1,breaking,a8deed027c254394,a8deed027c254394__break_comparator_flip,JavaScript,p03131,comparator_flip,auto_pass,no,False,0.1109,no,False,0.1108,True,False,False,False,0.00010000000000000286,"{""num1str"": ""renamedVar1"", ""num2str"": ""renamedVar2"", ""L1"": ""renamedVar3""}",semantic_breaking
unixcoder,breaking_v1,breaking,530051f2f2db34d4,530051f2f2db34d4__break_comparator_flip,Python,p02694,comparator_flip,auto_pass,no,False,0.3365,no,False,0.3351,True,False,False,False,0.0014000000000000123,"{""ini"": ""renamed_var_1"", ""inm"": ""renamed_var_2"", ""inl"": ""renamed_var_3""}",semantic_breaking
unixcoder,breaking_v1,breaking,2557c26a26419c91,2557c26a26419c91__break_comparator_flip,C++,p02985,comparator_flip,auto_pass,yes,True,0.9047,yes,True,0.9004,True,False,True,False,0.0042999999999999705,"{""book"": ""renamedVar1"", ""son"": ""renamedVar2"", ""mod"": ""renamedVar3""}",semantic_breaking
unixcoder,breaking_v1,breaking,4f9d69cb6a94ca01,4f9d69cb6a94ca01__break_comparator_flip,Go,p02694,comparator_flip,manual_required,yes,True,0.563,yes,True,0.563,True,False,True,False,0.0,"{""scanner"": ""renamedVar1"", ""money"": ""renamedVar2"", ""year"": ""renamedVar3""}",semantic_breaking
unixcoder,breaking_v1,breaking,be51e56bfd5ef570,be51e56bfd5ef570__break_comparator_flip,JavaScript,p02419,comparator_flip,auto_pass,yes,True,0.7896,yes,True,0.7896,True,False,True,False,0.0,"{""ws"": ""renamedVar1"", ""str"": ""renamedVar2"", ""sep"": ""renamedVar3""}",semantic_breaking
unixcoder,breaking_v1,breaking,aea0af2dcac64e49,aea0af2dcac64e49__break_comparator_flip,JavaScript,p02699,comparator_flip,auto_pass,no,False,0.1707,no,False,0.1701,True,False,False,False,0.0005999999999999894,"{""split"": ""renamedVar1"", ""sheep"": ""renamedVar2"", ""elf"": ""renamedVar3""}",semantic_breaking
unixcoder,breaking_v1,breaking,0e413612fa1096d9,0e413612fa1096d9__break_comparator_flip,JavaScript,p02696,comparator_flip,auto_pass,yes,True,0.9758,yes,True,0.9758,True,False,True,False,0.0,"{""max"": ""renamedVar1"", ""border"": ""renamedVar2"", ""now"": ""renamedVar3""}",semantic_breaking
unixcoder,breaking_v1,breaking,14c63a8170301676,14c63a8170301676__break_comparator_flip,Go,p03206,comparator_flip,manual_required,no,False,0.43,no,False,0.43,True,False,False,False,0.0,"{""scanner"": ""renamedVar1"", ""stringInput"": ""renamedVar2"", ""err"": ""renamedVar3""}",semantic_breaking
unixcoder,breaking_v1,breaking,915c6b47c1804575,915c6b47c1804575__break_comparator_flip,C++,p02927,comparator_flip,manual_required,yes,True,0.9884,yes,True,0.9883,True,False,True,False,9.999999999998899e-05,"{""M"": ""renamedVar1"", ""D"": ""renamedVar2"", ""t"": ""renamedVar3""}",semantic_breaking
unixcoder,breaking_v1,breaking,dbcea0a9b822e338,dbcea0a9b822e338__break_comparator_flip,JavaScript,p03254,comparator_flip,auto_pass,yes,True,0.9844,yes,True,0.9844,True,False,True,False,0.0,"{""tmp"": ""renamedVar1"", ""sum"": ""renamedVar2"", ""num"": ""renamedVar3""}",semantic_breaking
unixcoder,breaking_v1,breaking,a3d07435000e7d0c,a3d07435000e7d0c__break_comparator_flip,C++,p03254,comparator_flip,auto_pass,yes,True,0.9773,yes,True,0.9773,True,False,True,False,0.0,"{""N"": ""renamedVar1"", ""x"": ""renamedVar2"", ""a"": ""renamedVar3""}",semantic_breaking
unixcoder,breaking_v1,breaking,115b20fd23d37ece,115b20fd23d37ece__break_comparator_flip,Python,p02985,comparator_flip,auto_pass,yes,True,0.8905,yes,True,0.8905,True,False,True,False,0.0,"{""mod"": ""renamed_var_1"", ""edge"": ""renamed_var_2"", ""pl"": ""renamed_var_3""}",semantic_breaking
unixcoder,breaking_v1,breaking,c26cbadfe8ea06e1,c26cbadfe8ea06e1__break_comparator_flip,Go,p03267,comparator_flip,manual_required,yes,True,0.9149,yes,True,0.9149,True,False,True,False,0.0,"{""ret"": ""renamedVar1"", ""maxWeights"": ""renamedVar2"", ""weight"": ""renamedVar3""}",semantic_breaking
unixcoder,breaking_v1,breaking,282d2b3def29eda2,282d2b3def29eda2__break_answer_string_flip,Go,p02640,answer_string_flip,manual_required,no,False,0.3101,no,False,0.3101,True,False,False,False,0.0,"{""neg"": ""renamedVar1"", ""scanner"": ""renamedVar2"", ""err"": ""renamedVar3""}",semantic_breaking
unixcoder,breaking_v1,breaking,45b8e3ac55c656a5,45b8e3ac55c656a5__break_comparator_flip,Python,p03000,comparator_flip,auto_pass,yes,True,0.933,yes,True,0.9405,True,False,True,False,-0.007499999999999951,"{""cnt"": ""renamed_var_1""}",semantic_breaking
unixcoder,breaking_v1,breaking,250ba66423b35229,250ba66423b35229__break_comparator_flip,JavaScript,p02823,comparator_flip,auto_pass,yes,True,0.9881,yes,True,0.9881,True,False,True,False,0.0,"{""lines"": ""renamedVar1"", ""reader"": ""renamedVar2""}",semantic_breaking
unixcoder,breaking_v1,breaking,2909f08c30de3750,2909f08c30de3750__break_boolean_literal_flip,C++,p03262,boolean_literal_flip,auto_pass,yes,True,0.6491,yes,True,0.6491,True,False,True,False,0.0,"{""i"": ""renamedVar1"", ""n"": ""renamedVar2"", ""nn"": ""renamedVar3""}",semantic_breaking
unixcoder,breaking_v1,breaking,7d04aa8b4bccee7d,7d04aa8b4bccee7d__break_comparator_flip,Go,p02419,comparator_flip,manual_required,no,False,0.3479,no,False,0.3623,True,False,False,False,-0.014400000000000024,"{""count"": ""renamedVar1""}",semantic_breaking
unixcoder,breaking_v1,breaking,d581815418c7e597,d581815418c7e597__break_comparator_flip,C++,p02612,comparator_flip,manual_required,yes,True,0.9926,yes,True,0.9925,True,False,True,False,9.999999999998899e-05,"{""n"": ""renamedVar1""}",semantic_breaking
unixcoder,breaking_v1,breaking,0d62e25fedf48833,0d62e25fedf48833__break_comparator_flip,Go,p03162,comparator_flip,manual_required,no,False,0.4884,no,False,0.4884,True,False,False,False,0.0,"{""sl"": ""renamedVar1"", ""max"": ""renamedVar2"", ""scan"": ""renamedVar3""}",semantic_breaking
unixcoder,breaking_v1,breaking,64c5ab2f4bf9d957,64c5ab2f4bf9d957__break_comparator_flip,Go,p02399,comparator_flip,manual_required,no,False,0.4112,no,False,0.4084,True,False,False,False,0.0028000000000000247,"{""listv"": ""renamedVar1"", ""ret"": ""renamedVar2"", ""scanner"": ""renamedVar3""}",semantic_breaking
unixcoder,breaking_v1,breaking,d9bda7d86d4f2e8b,d9bda7d86d4f2e8b__break_answer_string_flip,C++,p02700,answer_string_flip,manual_required,yes,True,0.9909,yes,True,0.9911,True,False,True,False,-0.00019999999999997797,"{""A"": ""renamedVar1""}",semantic_breaking
unixcoder,breaking_v1,breaking,fd8279e7a0d30f31,fd8279e7a0d30f31__break_boolean_literal_flip,JavaScript,p02775,boolean_literal_flip,auto_pass,no,False,0.2595,no,False,0.2595,True,False,False,False,0.0,"{""vec_N"": ""renamedVar1"", ""vec_tf"": ""renamedVar2"", ""num"": ""renamedVar3""}",semantic_breaking
unixcoder,breaking_v1,breaking,79a5008344e8bc86,79a5008344e8bc86__break_comparator_flip,C++,p02685,comparator_flip,manual_required,yes,True,0.9784,yes,True,0.978,True,False,True,False,0.00040000000000006697,"{""i"": ""renamedVar1"", ""j"": ""renamedVar2""}",semantic_breaking
unixcoder,breaking_v1,breaking,da23e4f930a96b3f,da23e4f930a96b3f__break_comparator_flip,C++,p02898,comparator_flip,auto_pass,yes,True,0.9891,yes,True,0.989,True,False,True,False,9.999999999998899e-05,"{""N"": ""renamedVar1"", ""h"": ""renamedVar2"", ""a"": ""renamedVar3""}",semantic_breaking
unixcoder,breaking_v1,breaking,76bc1795ffa5932c,76bc1795ffa5932c__break_comparator_flip,JavaScript,p02797,comparator_flip,auto_pass,no,False,0.0875,no,False,0.0875,True,False,False,False,0.0,"{""list"": ""renamedVar1"", ""no"": ""renamedVar2""}",semantic_breaking
unixcoder,breaking_v1,breaking,ea2433d2cff65664,ea2433d2cff65664__break_boolean_literal_flip,Python,p02699,boolean_literal_flip,auto_pass,no,False,0.2125,no,False,0.2125,True,False,False,False,0.0,"{""val"": ""renamed_var_1"", ""mid"": ""renamed_var_2"", ""prime"": ""renamed_var_3""}",semantic_breaking
unixcoder,breaking_v1,breaking,a53b61f6bf590dc9,a53b61f6bf590dc9__break_integer_literal_perturb,Go,p02741,integer_literal_perturb,manual_required,yes,True,0.9862,yes,True,0.9863,True,False,True,False,-9.999999999998899e-05,"{""array"": ""renamedVar1""}",semantic_breaking
unixcoder,breaking_v1,breaking,0a7ee5cd155e0464,0a7ee5cd155e0464__break_comparator_flip,Go,p02927,comparator_flip,manual_required,yes,True,0.9913,yes,True,0.9912,True,False,True,False,9.999999999998899e-05,"{""d1"": ""renamedVar1""}",semantic_breaking
unixcoder,breaking_v1,breaking,fb99e319252f2031,fb99e319252f2031__break_comparator_flip,C++,p02741,comparator_flip,manual_required,yes,True,0.9211,yes,True,0.9162,True,False,True,False,0.0049000000000000155,"{""i"": ""renamedVar1""}",semantic_breaking
unixcoder,breaking_v1,breaking,e52139cdb5ee23b0,e52139cdb5ee23b0__break_answer_string_flip,Python,p03293,answer_string_flip,auto_pass,no,False,0.0826,no,False,0.0826,True,False,False,False,0.0,"{""pos"": ""renamed_var_1""}",semantic_breaking
unixcoder,breaking_v1,breaking,9f9a3ebce5c12a17,9f9a3ebce5c12a17__break_comparator_flip,JavaScript,p02685,comparator_flip,auto_pass,no,False,0.072,no,False,0.0718,True,False,False,False,0.00019999999999999185,"{""cin"": ""renamedVar1"", ""mod"": ""renamedVar2"", ""max"": ""renamedVar3""}",semantic_breaking
unixcoder,breaking_v1,breaking,2fa5a5b592becc33,2fa5a5b592becc33__break_comparator_flip,Go,p02898,comparator_flip,manual_required,yes,True,0.9548,yes,True,0.9568,True,False,True,False,-0.0020000000000000018,"{""list"": ""renamedVar1"", ""count"": ""renamedVar2""}",semantic_breaking
unixcoder,breaking_v1,breaking,d5f3bf019e66b075,d5f3bf019e66b075__break_comparator_flip,Go,p02685,comparator_flip,manual_required,no,False,0.4061,no,False,0.4061,True,False,False,False,0.0,"{""list"": ""renamedVar1"", ""str"": ""renamedVar2"", ""rtn"": ""renamedVar3""}",semantic_breaking
unixcoder,breaking_v1,breaking,61ac4df01241c451,61ac4df01241c451__break_boolean_literal_flip,Python,p02912,boolean_literal_flip,auto_pass,no,False,0.46,no,False,0.46,True,False,False,False,0.0,"{""A_new"": ""renamed_var_1"", ""mimi"": ""renamed_var_2"", ""val"": ""renamed_var_3""}",semantic_breaking
unixcoder,breaking_v1,breaking,7beeabb7532e05bc,7beeabb7532e05bc__break_comparator_flip,Go,p03000,comparator_flip,manual_required,yes,True,0.9735,yes,True,0.9735,True,False,True,False,0.0,"{""sc"": ""renamedVar1"", ""sum"": ""renamedVar2""}",semantic_breaking
unixcoder,breaking_v1,breaking,6b556cb43ec86e2c,6b556cb43ec86e2c__break_comparator_flip,C++,p03267,comparator_flip,auto_pass,yes,True,0.9404,yes,True,0.9404,True,False,True,False,0.0,"{""L"": ""renamedVar1"", ""M"": ""renamedVar2"", ""N"": ""renamedVar3""}",semantic_breaking
unixcoder,breaking_v1,breaking,5f8926c61109288e,5f8926c61109288e__break_comparator_flip,Python,p02741,comparator_flip,auto_pass,yes,True,0.5468,yes,True,0.5489,True,False,True,False,-0.002100000000000102,"{""prev"": ""renamed_var_1"", ""pre"": ""renamed_var_2"", ""sx"": ""renamed_var_3""}",semantic_breaking
unixcoder,breaking_v1,breaking,288b5652bf50e0aa,288b5652bf50e0aa__break_comparator_flip,Go,p03254,comparator_flip,manual_required,no,False,0.4077,no,False,0.4077,True,False,False,False,0.0,"{""buf"": ""renamedVar1"", ""cols"": ""renamedVar2"", ""strs"": ""renamedVar3""}",semantic_breaking
